Diet,count,mean,median,std,min,max
A,50,5.3412,5.6419999999999995,2.5356026132351452,-1.715,10.062
B,50,3.7099599999999997,3.745,2.769041998634922,-4.148,10.539
