,Con1,Con2
mean,172.6,159.4
median,172.5,167.5
std,27.390996087522385,28.095867628136666
min,132.0,118.0
max,218.0,197.0
