Sex,count,mean,median,std,min,max
F,60,44.233333333333334,38.150000000000006,13.790424910387628,30.0,82.9
M,60,52.913333333333334,52.05,15.268561548207888,31.0,100.9
